Complaint,Category
Many students think the teacher does not explain concepts clearly. No one is listening.,Academic
Many students think assignments are too difficult and frequent. No one is listening.,Academic
"In my opinion, the exam paper was out of syllabus. Please do something.",Academic
"Honestly, difficulty understanding the online lectures. Please do something.",Academic
It seems the teacher does not explain concepts clearly. This is frustrating.,Academic
"In my opinion, the exam paper was out of syllabus. It's been going on for weeks.",Academic
It seems the exam paper was out of syllabus. This is frustrating.,Academic
"Honestly, the exam paper was out of syllabus. It's been going on for weeks.",Academic
I feel that difficulty understanding the online lectures. Needs urgent attention.,Academic
It seems assignments are too difficult and frequent. This is frustrating.,Academic
"In my opinion, assignments are too difficult and frequent. It's been going on for weeks.",Academic
It seems the teacher does not explain concepts clearly. This is frustrating.,Academic
"In my opinion, assignments are too difficult and frequent. Needs urgent attention.",Academic
"Honestly, difficulty understanding the online lectures. Please do something.",Academic
It seems the exam paper was out of syllabus. It's been going on for weeks.,Academic
"Honestly, the exam paper was out of syllabus. This is frustrating.",Academic
I feel that the teacher does not explain concepts clearly. Please do something.,Academic
"In my opinion, the teacher does not explain concepts clearly. No one is listening.",Academic
Many students think assignments are too difficult and frequent. It's been going on for weeks.,Academic
"In my opinion, assignments are too difficult and frequent. Needs urgent attention.",Academic
I feel that assignments are too difficult and frequent. It's been going on for weeks.,Academic
I feel that too much syllabus and very less time. Needs urgent attention.,Academic
"In my opinion, too much syllabus and very less time. It's been going on for weeks.",Academic
"Honestly, difficulty understanding the online lectures. This is frustrating.",Academic
I feel that the teacher does not explain concepts clearly. Needs urgent attention.,Academic
"In my opinion, the exam paper was out of syllabus. Needs urgent attention.",Academic
"Honestly, the teacher does not explain concepts clearly. Please do something.",Academic
I feel that difficulty understanding the online lectures. No one is listening.,Academic
I feel that assignments are too difficult and frequent. It's been going on for weeks.,Academic
"Honestly, too much syllabus and very less time. This is frustrating.",Academic
"Honestly, too much syllabus and very less time. No one is listening.",Academic
Many students think the teacher does not explain concepts clearly. Please do something.,Academic
I feel that the teacher does not explain concepts clearly. No one is listening.,Academic
Many students think assignments are too difficult and frequent. Needs urgent attention.,Academic
Many students think too much syllabus and very less time. This is frustrating.,Academic
Many students think assignments are too difficult and frequent. It's been going on for weeks.,Academic
Many students think the teacher does not explain concepts clearly. It's been going on for weeks.,Academic
"Honestly, assignments are too difficult and frequent. No one is listening.",Academic
Many students think difficulty understanding the online lectures. This is frustrating.,Academic
"In my opinion, the exam paper was out of syllabus. No one is listening.",Academic
Many students think too much syllabus and very less time. This is frustrating.,Academic
"Honestly, the exam paper was out of syllabus. Needs urgent attention.",Academic
"In my opinion, difficulty understanding the online lectures. Please do something.",Academic
It seems difficulty understanding the online lectures. Please do something.,Academic
"In my opinion, the teacher does not explain concepts clearly. Needs urgent attention.",Academic
I feel that difficulty understanding the online lectures. No one is listening.,Academic
It seems the teacher does not explain concepts clearly. Needs urgent attention.,Academic
"Honestly, the exam paper was out of syllabus. Please do something.",Academic
"Honestly, difficulty understanding the online lectures. Please do something.",Academic
I feel that difficulty understanding the online lectures. Needs urgent attention.,Academic
"Honestly, too much syllabus and very less time. Needs urgent attention.",Academic
It seems the teacher does not explain concepts clearly. This is frustrating.,Academic
Many students think the exam paper was out of syllabus. Needs urgent attention.,Academic
"In my opinion, the exam paper was out of syllabus. No one is listening.",Academic
"Honestly, difficulty understanding the online lectures. No one is listening.",Academic
I feel that difficulty understanding the online lectures. It's been going on for weeks.,Academic
Many students think difficulty understanding the online lectures. Needs urgent attention.,Academic
"Honestly, the teacher does not explain concepts clearly. This is frustrating.",Academic
I feel that the teacher does not explain concepts clearly. Please do something.,Academic
I feel that the exam paper was out of syllabus. No one is listening.,Academic
"In my opinion, difficulty understanding the online lectures. This is frustrating.",Academic
"In my opinion, assignments are too difficult and frequent. No one is listening.",Academic
Many students think assignments are too difficult and frequent. Please do something.,Academic
It seems difficulty understanding the online lectures. Needs urgent attention.,Academic
"Honestly, the teacher does not explain concepts clearly. Please do something.",Academic
"In my opinion, the exam paper was out of syllabus. Needs urgent attention.",Academic
"Honestly, too much syllabus and very less time. Please do something.",Academic
It seems the exam paper was out of syllabus. No one is listening.,Academic
I feel that difficulty understanding the online lectures. Needs urgent attention.,Academic
"Honestly, too much syllabus and very less time. This is frustrating.",Academic
Many students think difficulty understanding the online lectures. This is frustrating.,Academic
I feel that difficulty understanding the online lectures. It's been going on for weeks.,Academic
Many students think the teacher does not explain concepts clearly. This is frustrating.,Academic
I feel that difficulty understanding the online lectures. No one is listening.,Academic
Many students think assignments are too difficult and frequent. It's been going on for weeks.,Academic
"Honestly, too much syllabus and very less time. Needs urgent attention.",Academic
"Honestly, the exam paper was out of syllabus. No one is listening.",Academic
It seems difficulty understanding the online lectures. Needs urgent attention.,Academic
"In my opinion, the exam paper was out of syllabus. Needs urgent attention.",Academic
It seems the teacher does not explain concepts clearly. This is frustrating.,Academic
Many students think the teacher does not explain concepts clearly. It's been going on for weeks.,Academic
It seems difficulty understanding the online lectures. Please do something.,Academic
"In my opinion, too much syllabus and very less time. It's been going on for weeks.",Academic
"In my opinion, the exam paper was out of syllabus. Please do something.",Academic
It seems the teacher does not explain concepts clearly. Please do something.,Academic
"Honestly, too much syllabus and very less time. Please do something.",Academic
"In my opinion, too much syllabus and very less time. Please do something.",Academic
I feel that difficulty understanding the online lectures. Needs urgent attention.,Academic
Many students think too much syllabus and very less time. It's been going on for weeks.,Academic
It seems difficulty understanding the online lectures. It's been going on for weeks.,Academic
I feel that difficulty understanding the online lectures. This is frustrating.,Academic
Many students think too much syllabus and very less time. It's been going on for weeks.,Academic
I feel that difficulty understanding the online lectures. No one is listening.,Academic
"Honestly, the exam paper was out of syllabus. Please do something.",Academic
"In my opinion, the teacher does not explain concepts clearly. Needs urgent attention.",Academic
It seems difficulty understanding the online lectures. It's been going on for weeks.,Academic
Many students think the exam paper was out of syllabus. It's been going on for weeks.,Academic
It seems difficulty understanding the online lectures. Please do something.,Academic
"In my opinion, the teacher does not explain concepts clearly. It's been going on for weeks.",Academic
Many students think the exam paper was out of syllabus. No one is listening.,Academic
It seems bathrooms are not cleaned regularly. It's been going on for weeks.,Hostel
"Honestly, water supply is irregular in the hostel. This is frustrating.",Hostel
It seems security guards are not attentive. Please do something.,Hostel
It seems the food in the mess is unhygienic. Needs urgent attention.,Hostel
Many students think too much noise at night in the hostel. Needs urgent attention.,Hostel
"In my opinion, water supply is irregular in the hostel. This is frustrating.",Hostel
I feel that the food in the mess is unhygienic. This is frustrating.,Hostel
"In my opinion, too much noise at night in the hostel. Please do something.",Hostel
It seems water supply is irregular in the hostel. Please do something.,Hostel
I feel that security guards are not attentive. This is frustrating.,Hostel
It seems the food in the mess is unhygienic. No one is listening.,Hostel
"Honestly, water supply is irregular in the hostel. No one is listening.",Hostel
"Honestly, security guards are not attentive. Needs urgent attention.",Hostel
"In my opinion, the food in the mess is unhygienic. Please do something.",Hostel
I feel that too much noise at night in the hostel. Needs urgent attention.,Hostel
"In my opinion, the food in the mess is unhygienic. Please do something.",Hostel
Many students think the food in the mess is unhygienic. Needs urgent attention.,Hostel
"In my opinion, too much noise at night in the hostel. Needs urgent attention.",Hostel
It seems the food in the mess is unhygienic. Needs urgent attention.,Hostel
I feel that the food in the mess is unhygienic. Needs urgent attention.,Hostel
It seems too much noise at night in the hostel. This is frustrating.,Hostel
"In my opinion, water supply is irregular in the hostel. No one is listening.",Hostel
It seems too much noise at night in the hostel. Please do something.,Hostel
It seems bathrooms are not cleaned regularly. This is frustrating.,Hostel
"In my opinion, too much noise at night in the hostel. No one is listening.",Hostel
"In my opinion, security guards are not attentive. No one is listening.",Hostel
"In my opinion, the food in the mess is unhygienic. This is frustrating.",Hostel
Many students think bathrooms are not cleaned regularly. Please do something.,Hostel
"In my opinion, security guards are not attentive. This is frustrating.",Hostel
I feel that the food in the mess is unhygienic. Needs urgent attention.,Hostel
I feel that too much noise at night in the hostel. This is frustrating.,Hostel
"In my opinion, too much noise at night in the hostel. No one is listening.",Hostel
It seems the food in the mess is unhygienic. Please do something.,Hostel
Many students think security guards are not attentive. Needs urgent attention.,Hostel
"Honestly, too much noise at night in the hostel. Please do something.",Hostel
I feel that water supply is irregular in the hostel. Needs urgent attention.,Hostel
"Honestly, bathrooms are not cleaned regularly. No one is listening.",Hostel
"In my opinion, bathrooms are not cleaned regularly. Please do something.",Hostel
I feel that security guards are not attentive. It's been going on for weeks.,Hostel
It seems bathrooms are not cleaned regularly. This is frustrating.,Hostel
"Honestly, security guards are not attentive. It's been going on for weeks.",Hostel
I feel that too much noise at night in the hostel. It's been going on for weeks.,Hostel
I feel that bathrooms are not cleaned regularly. This is frustrating.,Hostel
It seems water supply is irregular in the hostel. This is frustrating.,Hostel
"Honestly, too much noise at night in the hostel. Needs urgent attention.",Hostel
Many students think the food in the mess is unhygienic. This is frustrating.,Hostel
I feel that the food in the mess is unhygienic. Please do something.,Hostel
Many students think too much noise at night in the hostel. No one is listening.,Hostel
"In my opinion, water supply is irregular in the hostel. Needs urgent attention.",Hostel
"Honestly, the food in the mess is unhygienic. It's been going on for weeks.",Hostel
It seems bathrooms are not cleaned regularly. This is frustrating.,Hostel
"Honestly, security guards are not attentive. It's been going on for weeks.",Hostel
"Honestly, security guards are not attentive. Needs urgent attention.",Hostel
It seems too much noise at night in the hostel. This is frustrating.,Hostel
It seems too much noise at night in the hostel. No one is listening.,Hostel
I feel that security guards are not attentive. Needs urgent attention.,Hostel
I feel that water supply is irregular in the hostel. It's been going on for weeks.,Hostel
"In my opinion, bathrooms are not cleaned regularly. This is frustrating.",Hostel
"In my opinion, security guards are not attentive. This is frustrating.",Hostel
It seems security guards are not attentive. Please do something.,Hostel
Many students think bathrooms are not cleaned regularly. No one is listening.,Hostel
Many students think bathrooms are not cleaned regularly. No one is listening.,Hostel
"Honestly, security guards are not attentive. No one is listening.",Hostel
It seems bathrooms are not cleaned regularly. It's been going on for weeks.,Hostel
I feel that too much noise at night in the hostel. Needs urgent attention.,Hostel
I feel that bathrooms are not cleaned regularly. It's been going on for weeks.,Hostel
Many students think security guards are not attentive. No one is listening.,Hostel
Many students think the food in the mess is unhygienic. Needs urgent attention.,Hostel
"In my opinion, water supply is irregular in the hostel. No one is listening.",Hostel
"In my opinion, too much noise at night in the hostel. No one is listening.",Hostel
Many students think the food in the mess is unhygienic. Please do something.,Hostel
Many students think too much noise at night in the hostel. Needs urgent attention.,Hostel
It seems security guards are not attentive. This is frustrating.,Hostel
I feel that security guards are not attentive. Needs urgent attention.,Hostel
Many students think too much noise at night in the hostel. It's been going on for weeks.,Hostel
"Honestly, security guards are not attentive. Please do something.",Hostel
Many students think the food in the mess is unhygienic. This is frustrating.,Hostel
"Honestly, the food in the mess is unhygienic. No one is listening.",Hostel
"In my opinion, bathrooms are not cleaned regularly. Please do something.",Hostel
I feel that too much noise at night in the hostel. No one is listening.,Hostel
It seems water supply is irregular in the hostel. Please do something.,Hostel
It seems water supply is irregular in the hostel. Needs urgent attention.,Hostel
I feel that too much noise at night in the hostel. Needs urgent attention.,Hostel
"In my opinion, water supply is irregular in the hostel. It's been going on for weeks.",Hostel
"Honestly, bathrooms are not cleaned regularly. It's been going on for weeks.",Hostel
Many students think bathrooms are not cleaned regularly. This is frustrating.,Hostel
Many students think security guards are not attentive. Needs urgent attention.,Hostel
It seems bathrooms are not cleaned regularly. Needs urgent attention.,Hostel
I feel that water supply is irregular in the hostel. Needs urgent attention.,Hostel
"In my opinion, too much noise at night in the hostel. No one is listening.",Hostel
Many students think the food in the mess is unhygienic. This is frustrating.,Hostel
"In my opinion, the food in the mess is unhygienic. No one is listening.",Hostel
I feel that too much noise at night in the hostel. No one is listening.,Hostel
"In my opinion, bathrooms are not cleaned regularly. Please do something.",Hostel
"In my opinion, security guards are not attentive. Needs urgent attention.",Hostel
I feel that security guards are not attentive. Please do something.,Hostel
"Honestly, water supply is irregular in the hostel. No one is listening.",Hostel
"In my opinion, the food in the mess is unhygienic. No one is listening.",Hostel
"Honestly, security guards are not attentive. No one is listening.",Hostel
"In my opinion, security guards are not attentive. Please do something.",Hostel
"In my opinion, no proper schedule for college transport. Needs urgent attention.",Transport
"In my opinion, the bus driver is rude to students. No one is listening.",Transport
"In my opinion, the bus driver is rude to students. No one is listening.",Transport
I feel that buses are always late and overcrowded. Needs urgent attention.,Transport
"In my opinion, the bus driver is rude to students. No one is listening.",Transport
"Honestly, no proper schedule for college transport. It's been going on for weeks.",Transport
"In my opinion, buses are always late and overcrowded. No one is listening.",Transport
"In my opinion, bus routes are not convenient. Please do something.",Transport
"Honestly, transport fees are too high. Needs urgent attention.",Transport
Many students think bus routes are not convenient. This is frustrating.,Transport
Many students think buses are always late and overcrowded. Please do something.,Transport
Many students think the bus driver is rude to students. Needs urgent attention.,Transport
"In my opinion, buses are always late and overcrowded. Please do something.",Transport
It seems buses are always late and overcrowded. No one is listening.,Transport
It seems transport fees are too high. It's been going on for weeks.,Transport
It seems buses are always late and overcrowded. Needs urgent attention.,Transport
I feel that buses are always late and overcrowded. No one is listening.,Transport
Many students think no proper schedule for college transport. No one is listening.,Transport
It seems transport fees are too high. This is frustrating.,Transport
I feel that the bus driver is rude to students. Needs urgent attention.,Transport
"Honestly, buses are always late and overcrowded. It's been going on for weeks.",Transport
"Honestly, bus routes are not convenient. This is frustrating.",Transport
"In my opinion, the bus driver is rude to students. No one is listening.",Transport
I feel that transport fees are too high. Please do something.,Transport
"Honestly, buses are always late and overcrowded. This is frustrating.",Transport
"Honestly, buses are always late and overcrowded. It's been going on for weeks.",Transport
"In my opinion, transport fees are too high. Needs urgent attention.",Transport
"In my opinion, no proper schedule for college transport. No one is listening.",Transport
I feel that transport fees are too high. No one is listening.,Transport
"In my opinion, bus routes are not convenient. It's been going on for weeks.",Transport
It seems no proper schedule for college transport. Please do something.,Transport
"Honestly, no proper schedule for college transport. No one is listening.",Transport
"Honestly, no proper schedule for college transport. Please do something.",Transport
"In my opinion, transport fees are too high. Needs urgent attention.",Transport
"Honestly, no proper schedule for college transport. Needs urgent attention.",Transport
"In my opinion, no proper schedule for college transport. Needs urgent attention.",Transport
"Honestly, transport fees are too high. Please do something.",Transport
Many students think transport fees are too high. Needs urgent attention.,Transport
It seems bus routes are not convenient. Needs urgent attention.,Transport
Many students think bus routes are not convenient. Please do something.,Transport
It seems the bus driver is rude to students. No one is listening.,Transport
"Honestly, bus routes are not convenient. No one is listening.",Transport
It seems the bus driver is rude to students. No one is listening.,Transport
It seems the bus driver is rude to students. Please do something.,Transport
Many students think transport fees are too high. This is frustrating.,Transport
"Honestly, no proper schedule for college transport. Please do something.",Transport
"Honestly, buses are always late and overcrowded. Please do something.",Transport
"Honestly, transport fees are too high. Needs urgent attention.",Transport
Many students think transport fees are too high. This is frustrating.,Transport
Many students think buses are always late and overcrowded. Needs urgent attention.,Transport
I feel that buses are always late and overcrowded. This is frustrating.,Transport
It seems no proper schedule for college transport. No one is listening.,Transport
Many students think buses are always late and overcrowded. No one is listening.,Transport
Many students think bus routes are not convenient. Please do something.,Transport
Many students think no proper schedule for college transport. Please do something.,Transport
I feel that the bus driver is rude to students. This is frustrating.,Transport
It seems transport fees are too high. No one is listening.,Transport
I feel that no proper schedule for college transport. No one is listening.,Transport
Many students think transport fees are too high. Please do something.,Transport
"Honestly, transport fees are too high. No one is listening.",Transport
"In my opinion, no proper schedule for college transport. No one is listening.",Transport
It seems transport fees are too high. Please do something.,Transport
I feel that the bus driver is rude to students. No one is listening.,Transport
"In my opinion, transport fees are too high. Please do something.",Transport
I feel that no proper schedule for college transport. No one is listening.,Transport
It seems transport fees are too high. It's been going on for weeks.,Transport
It seems buses are always late and overcrowded. Please do something.,Transport
"Honestly, the bus driver is rude to students. Please do something.",Transport
"In my opinion, buses are always late and overcrowded. Needs urgent attention.",Transport
"Honestly, buses are always late and overcrowded. This is frustrating.",Transport
It seems bus routes are not convenient. Please do something.,Transport
I feel that bus routes are not convenient. Needs urgent attention.,Transport
I feel that bus routes are not convenient. It's been going on for weeks.,Transport
"Honestly, bus routes are not convenient. This is frustrating.",Transport
Many students think transport fees are too high. It's been going on for weeks.,Transport
I feel that buses are always late and overcrowded. This is frustrating.,Transport
I feel that buses are always late and overcrowded. No one is listening.,Transport
It seems buses are always late and overcrowded. This is frustrating.,Transport
Many students think no proper schedule for college transport. It's been going on for weeks.,Transport
Many students think transport fees are too high. It's been going on for weeks.,Transport
"In my opinion, bus routes are not convenient. It's been going on for weeks.",Transport
It seems the bus driver is rude to students. Needs urgent attention.,Transport
It seems bus routes are not convenient. No one is listening.,Transport
"Honestly, bus routes are not convenient. No one is listening.",Transport
"In my opinion, the bus driver is rude to students. Please do something.",Transport
Many students think transport fees are too high. It's been going on for weeks.,Transport
I feel that the bus driver is rude to students. It's been going on for weeks.,Transport
It seems the bus driver is rude to students. This is frustrating.,Transport
It seems bus routes are not convenient. No one is listening.,Transport
I feel that bus routes are not convenient. It's been going on for weeks.,Transport
"Honestly, bus routes are not convenient. Please do something.",Transport
Many students think bus routes are not convenient. It's been going on for weeks.,Transport
Many students think the bus driver is rude to students. This is frustrating.,Transport
Many students think no proper schedule for college transport. Please do something.,Transport
It seems bus routes are not convenient. Please do something.,Transport
I feel that transport fees are too high. No one is listening.,Transport
I feel that bus routes are not convenient. No one is listening.,Transport
I feel that buses are always late and overcrowded. This is frustrating.,Transport
"In my opinion, the bus driver is rude to students. Needs urgent attention.",Transport
It seems no proper schedule for college transport. No one is listening.,Transport
I feel that projectors are not functioning properly. Please do something.,Infrastructure
Many students think not enough seating in the library. Needs urgent attention.,Infrastructure
Many students think projectors are not functioning properly. It's been going on for weeks.,Infrastructure
"In my opinion, labs do not have proper equipment. This is frustrating.",Infrastructure
It seems labs do not have proper equipment. Needs urgent attention.,Infrastructure
It seems projectors are not functioning properly. Please do something.,Infrastructure
Many students think acs in classrooms are not working. Please do something.,Infrastructure
It seems not enough seating in the library. Please do something.,Infrastructure
I feel that acs in classrooms are not working. This is frustrating.,Infrastructure
"Honestly, not enough seating in the library. This is frustrating.",Infrastructure
"In my opinion, wifi is too slow and unreliable. Please do something.",Infrastructure
Many students think not enough seating in the library. This is frustrating.,Infrastructure
I feel that labs do not have proper equipment. Please do something.,Infrastructure
It seems wifi is too slow and unreliable. This is frustrating.,Infrastructure
"In my opinion, not enough seating in the library. Please do something.",Infrastructure
"In my opinion, not enough seating in the library. Needs urgent attention.",Infrastructure
It seems wifi is too slow and unreliable. It's been going on for weeks.,Infrastructure
Many students think not enough seating in the library. No one is listening.,Infrastructure
Many students think labs do not have proper equipment. Please do something.,Infrastructure
I feel that not enough seating in the library. It's been going on for weeks.,Infrastructure
"In my opinion, not enough seating in the library. Please do something.",Infrastructure
Many students think not enough seating in the library. Needs urgent attention.,Infrastructure
"In my opinion, projectors are not functioning properly. It's been going on for weeks.",Infrastructure
It seems acs in classrooms are not working. Please do something.,Infrastructure
"Honestly, projectors are not functioning properly. No one is listening.",Infrastructure
I feel that acs in classrooms are not working. Needs urgent attention.,Infrastructure
"In my opinion, wifi is too slow and unreliable. No one is listening.",Infrastructure
"In my opinion, projectors are not functioning properly. Needs urgent attention.",Infrastructure
"In my opinion, acs in classrooms are not working. Please do something.",Infrastructure
"In my opinion, not enough seating in the library. This is frustrating.",Infrastructure
Many students think labs do not have proper equipment. It's been going on for weeks.,Infrastructure
I feel that labs do not have proper equipment. Needs urgent attention.,Infrastructure
Many students think acs in classrooms are not working. This is frustrating.,Infrastructure
It seems not enough seating in the library. Please do something.,Infrastructure
"Honestly, projectors are not functioning properly. Needs urgent attention.",Infrastructure
Many students think labs do not have proper equipment. This is frustrating.,Infrastructure
I feel that not enough seating in the library. Needs urgent attention.,Infrastructure
It seems labs do not have proper equipment. Needs urgent attention.,Infrastructure
"In my opinion, labs do not have proper equipment. Please do something.",Infrastructure
It seems wifi is too slow and unreliable. It's been going on for weeks.,Infrastructure
"In my opinion, acs in classrooms are not working. Please do something.",Infrastructure
It seems wifi is too slow and unreliable. Please do something.,Infrastructure
I feel that wifi is too slow and unreliable. Please do something.,Infrastructure
"Honestly, projectors are not functioning properly. It's been going on for weeks.",Infrastructure
Many students think acs in classrooms are not working. No one is listening.,Infrastructure
"In my opinion, labs do not have proper equipment. No one is listening.",Infrastructure
"In my opinion, labs do not have proper equipment. This is frustrating.",Infrastructure
"Honestly, labs do not have proper equipment. Needs urgent attention.",Infrastructure
Many students think projectors are not functioning properly. It's been going on for weeks.,Infrastructure
I feel that projectors are not functioning properly. Needs urgent attention.,Infrastructure
I feel that projectors are not functioning properly. This is frustrating.,Infrastructure
It seems wifi is too slow and unreliable. This is frustrating.,Infrastructure
Many students think not enough seating in the library. Please do something.,Infrastructure
I feel that acs in classrooms are not working. It's been going on for weeks.,Infrastructure
It seems acs in classrooms are not working. Please do something.,Infrastructure
Many students think labs do not have proper equipment. Needs urgent attention.,Infrastructure
"In my opinion, acs in classrooms are not working. This is frustrating.",Infrastructure
"Honestly, acs in classrooms are not working. It's been going on for weeks.",Infrastructure
I feel that acs in classrooms are not working. No one is listening.,Infrastructure
"In my opinion, acs in classrooms are not working. No one is listening.",Infrastructure
"In my opinion, projectors are not functioning properly. Needs urgent attention.",Infrastructure
"Honestly, acs in classrooms are not working. Please do something.",Infrastructure
"In my opinion, not enough seating in the library. It's been going on for weeks.",Infrastructure
Many students think not enough seating in the library. This is frustrating.,Infrastructure
"In my opinion, labs do not have proper equipment. Needs urgent attention.",Infrastructure
"In my opinion, acs in classrooms are not working. Needs urgent attention.",Infrastructure
Many students think projectors are not functioning properly. This is frustrating.,Infrastructure
I feel that wifi is too slow and unreliable. It's been going on for weeks.,Infrastructure
"In my opinion, projectors are not functioning properly. This is frustrating.",Infrastructure
Many students think not enough seating in the library. No one is listening.,Infrastructure
"Honestly, labs do not have proper equipment. It's been going on for weeks.",Infrastructure
I feel that projectors are not functioning properly. This is frustrating.,Infrastructure
It seems not enough seating in the library. No one is listening.,Infrastructure
Many students think labs do not have proper equipment. No one is listening.,Infrastructure
Many students think wifi is too slow and unreliable. Needs urgent attention.,Infrastructure
"Honestly, projectors are not functioning properly. This is frustrating.",Infrastructure
Many students think acs in classrooms are not working. No one is listening.,Infrastructure
"Honestly, wifi is too slow and unreliable. Please do something.",Infrastructure
"In my opinion, projectors are not functioning properly. Needs urgent attention.",Infrastructure
Many students think not enough seating in the library. It's been going on for weeks.,Infrastructure
I feel that labs do not have proper equipment. Please do something.,Infrastructure
I feel that not enough seating in the library. Please do something.,Infrastructure
"Honestly, not enough seating in the library. No one is listening.",Infrastructure
I feel that acs in classrooms are not working. Needs urgent attention.,Infrastructure
I feel that projectors are not functioning properly. Please do something.,Infrastructure
Many students think wifi is too slow and unreliable. This is frustrating.,Infrastructure
"In my opinion, acs in classrooms are not working. This is frustrating.",Infrastructure
It seems not enough seating in the library. No one is listening.,Infrastructure
It seems not enough seating in the library. No one is listening.,Infrastructure
Many students think projectors are not functioning properly. No one is listening.,Infrastructure
I feel that acs in classrooms are not working. This is frustrating.,Infrastructure
"In my opinion, projectors are not functioning properly. This is frustrating.",Infrastructure
Many students think wifi is too slow and unreliable. No one is listening.,Infrastructure
"Honestly, not enough seating in the library. It's been going on for weeks.",Infrastructure
Many students think acs in classrooms are not working. No one is listening.,Infrastructure
"Honestly, not enough seating in the library. Please do something.",Infrastructure
"Honestly, not enough seating in the library. It's been going on for weeks.",Infrastructure
"Honestly, acs in classrooms are not working. Please do something.",Infrastructure
"Honestly, labs do not have proper equipment. No one is listening.",Infrastructure
Many students think wifi is too slow and unreliable. This is frustrating.,Infrastructure
Many students think too much bureaucracy in simple tasks. It's been going on for weeks.,Administrative
Many students think important notices are not circulated in time. Needs urgent attention.,Administrative
Many students think important notices are not circulated in time. Please do something.,Administrative
"In my opinion, important notices are not circulated in time. This is frustrating.",Administrative
"Honestly, no proper response from office staff. No one is listening.",Administrative
"Honestly, too much bureaucracy in simple tasks. Please do something.",Administrative
I feel that difficult to get leave approved. No one is listening.,Administrative
"Honestly, difficult to get leave approved. Please do something.",Administrative
Many students think no proper response from office staff. It's been going on for weeks.,Administrative
Many students think difficult to get leave approved. Needs urgent attention.,Administrative
"In my opinion, difficult to get leave approved. Needs urgent attention.",Administrative
"Honestly, important notices are not circulated in time. This is frustrating.",Administrative
It seems difficult to get leave approved. This is frustrating.,Administrative
It seems too much bureaucracy in simple tasks. No one is listening.,Administrative
I feel that too much bureaucracy in simple tasks. Please do something.,Administrative
"In my opinion, difficult to get leave approved. No one is listening.",Administrative
It seems no proper response from office staff. This is frustrating.,Administrative
"In my opinion, too much bureaucracy in simple tasks. Please do something.",Administrative
"In my opinion, too much bureaucracy in simple tasks. No one is listening.",Administrative
It seems certificates take too long to process. Please do something.,Administrative
I feel that important notices are not circulated in time. Needs urgent attention.,Administrative
It seems difficult to get leave approved. No one is listening.,Administrative
"In my opinion, no proper response from office staff. No one is listening.",Administrative
Many students think certificates take too long to process. Please do something.,Administrative
I feel that important notices are not circulated in time. Needs urgent attention.,Administrative
Many students think too much bureaucracy in simple tasks. This is frustrating.,Administrative
I feel that too much bureaucracy in simple tasks. This is frustrating.,Administrative
"In my opinion, important notices are not circulated in time. Please do something.",Administrative
I feel that too much bureaucracy in simple tasks. No one is listening.,Administrative
I feel that difficult to get leave approved. Needs urgent attention.,Administrative
"Honestly, no proper response from office staff. This is frustrating.",Administrative
I feel that no proper response from office staff. This is frustrating.,Administrative
It seems difficult to get leave approved. No one is listening.,Administrative
I feel that no proper response from office staff. Needs urgent attention.,Administrative
I feel that difficult to get leave approved. It's been going on for weeks.,Administrative
It seems difficult to get leave approved. Needs urgent attention.,Administrative
Many students think no proper response from office staff. Needs urgent attention.,Administrative
"In my opinion, important notices are not circulated in time. No one is listening.",Administrative
"Honestly, certificates take too long to process. This is frustrating.",Administrative
"Honestly, difficult to get leave approved. Please do something.",Administrative
"In my opinion, no proper response from office staff. It's been going on for weeks.",Administrative
It seems certificates take too long to process. This is frustrating.,Administrative
Many students think certificates take too long to process. Please do something.,Administrative
It seems certificates take too long to process. No one is listening.,Administrative
"Honestly, certificates take too long to process. This is frustrating.",Administrative
"In my opinion, important notices are not circulated in time. No one is listening.",Administrative
I feel that no proper response from office staff. Please do something.,Administrative
"Honestly, important notices are not circulated in time. Needs urgent attention.",Administrative
I feel that important notices are not circulated in time. No one is listening.,Administrative
I feel that important notices are not circulated in time. Needs urgent attention.,Administrative
"In my opinion, no proper response from office staff. It's been going on for weeks.",Administrative
It seems important notices are not circulated in time. This is frustrating.,Administrative
Many students think no proper response from office staff. It's been going on for weeks.,Administrative
Many students think difficult to get leave approved. No one is listening.,Administrative
"Honestly, certificates take too long to process. Needs urgent attention.",Administrative
"Honestly, difficult to get leave approved. This is frustrating.",Administrative
Many students think no proper response from office staff. It's been going on for weeks.,Administrative
"In my opinion, important notices are not circulated in time. This is frustrating.",Administrative
It seems certificates take too long to process. Needs urgent attention.,Administrative
I feel that difficult to get leave approved. Needs urgent attention.,Administrative
I feel that too much bureaucracy in simple tasks. No one is listening.,Administrative
I feel that no proper response from office staff. Please do something.,Administrative
It seems important notices are not circulated in time. This is frustrating.,Administrative
I feel that difficult to get leave approved. This is frustrating.,Administrative
It seems no proper response from office staff. This is frustrating.,Administrative
It seems no proper response from office staff. This is frustrating.,Administrative
I feel that difficult to get leave approved. No one is listening.,Administrative
Many students think important notices are not circulated in time. Please do something.,Administrative
I feel that important notices are not circulated in time. This is frustrating.,Administrative
"Honestly, too much bureaucracy in simple tasks. It's been going on for weeks.",Administrative
"In my opinion, important notices are not circulated in time. Needs urgent attention.",Administrative
"In my opinion, important notices are not circulated in time. Needs urgent attention.",Administrative
"Honestly, no proper response from office staff. This is frustrating.",Administrative
"In my opinion, important notices are not circulated in time. No one is listening.",Administrative
"In my opinion, important notices are not circulated in time. It's been going on for weeks.",Administrative
"In my opinion, certificates take too long to process. It's been going on for weeks.",Administrative
I feel that no proper response from office staff. Needs urgent attention.,Administrative
It seems too much bureaucracy in simple tasks. Needs urgent attention.,Administrative
"In my opinion, certificates take too long to process. This is frustrating.",Administrative
"In my opinion, certificates take too long to process. Please do something.",Administrative
Many students think no proper response from office staff. It's been going on for weeks.,Administrative
Many students think difficult to get leave approved. Needs urgent attention.,Administrative
It seems no proper response from office staff. It's been going on for weeks.,Administrative
I feel that no proper response from office staff. Needs urgent attention.,Administrative
I feel that too much bureaucracy in simple tasks. This is frustrating.,Administrative
"Honestly, important notices are not circulated in time. This is frustrating.",Administrative
"In my opinion, important notices are not circulated in time. No one is listening.",Administrative
It seems no proper response from office staff. Needs urgent attention.,Administrative
"Honestly, important notices are not circulated in time. No one is listening.",Administrative
I feel that no proper response from office staff. Please do something.,Administrative
I feel that too much bureaucracy in simple tasks. No one is listening.,Administrative
It seems difficult to get leave approved. This is frustrating.,Administrative
It seems no proper response from office staff. Please do something.,Administrative
It seems certificates take too long to process. Needs urgent attention.,Administrative
I feel that certificates take too long to process. This is frustrating.,Administrative
I feel that certificates take too long to process. It's been going on for weeks.,Administrative
I feel that too much bureaucracy in simple tasks. Needs urgent attention.,Administrative
It seems difficult to get leave approved. Needs urgent attention.,Administrative
It seems important notices are not circulated in time. This is frustrating.,Administrative
"Honestly, difficult to get leave approved. No one is listening.",Administrative
